<?xml version="1.0" encoding="utf-8" ?>
<dwsync>
<file name="ti-logo.png" server="W:/98074_Maintenance_MCU/19136_CC31xx_onchip_website_development/CC3200-site/" local="130316970935906916" remote="130316970930000000" Dst="1" />
<file name="icon-demo-homeAutomation.gif" server="W:/98074_Maintenance_MCU/19136_CC31xx_onchip_website_development/CC3200-site/" local="130341889075156996" remote="130341889070000000" Dst="1" />
<file name="icon-demo-homeAppliances.gif" server="W:/98074_Maintenance_MCU/19136_CC31xx_onchip_website_development/CC3200-site/" local="130341887421642421" remote="130341887420000000" Dst="1" />
<file name="icon-demo-safety.gif" server="W:/98074_Maintenance_MCU/19136_CC31xx_onchip_website_development/CC3200-site/" local="130341886809607414" remote="130341886800000000" Dst="1" />
<file name="icon-demo-smartEnergy.gif" server="W:/98074_Maintenance_MCU/19136_CC31xx_onchip_website_development/CC3200-site/" local="130341885486471735" remote="130341885480000000" Dst="1" />
<file name="demo-lightswitch.jpg" server="W:/98074_Maintenance_MCU/19136_CC31xx_onchip_website_development/CC3200-site/" local="130342054626656001" remote="130342054620000000" Dst="1" />
<file name="demo-security-alarmOff.jpg" server="W:/98074_Maintenance_MCU/19136_CC31xx_onchip_website_development/CC3200-site/" local="130342770581516276" remote="130342770580000000" Dst="1" />
<file name="demo-security-alarmOn.jpg" server="W:/98074_Maintenance_MCU/19136_CC31xx_onchip_website_development/CC3200-site/" local="130342770396225678" remote="130342770390000000" Dst="1" />
<file name="demo-sprinkler-off.jpg" server="W:/98074_Maintenance_MCU/19136_CC31xx_onchip_website_development/CC3200-site/" local="130342069908680082" remote="130342069900000000" Dst="1" />
<file name="demo-sprinkler-on.jpg" server="W:/98074_Maintenance_MCU/19136_CC31xx_onchip_website_development/CC3200-site/" local="130342069833705794" remote="130342069830000000" Dst="1" />
<file name="demo-washerDryer.jpg" server="W:/98074_Maintenance_MCU/19136_CC31xx_onchip_website_development/CC3200-site/" local="130341917645301115" remote="130341917640000000" Dst="1" />
<file name="icon-demo-smartEnergy.jpg" server="W:/98074_Maintenance_MCU/19136_CC31xx_onchip_website_development/CC3200-site/" local="130341884056829965" remote="130341884050000000" Dst="1" />
</dwsync>